file,n_door_boxes
000bf0ddff4c7310.jpg,1
000c052bb4b882c4.jpg,1
000c66e044e850f7.jpg,1
000c9e454bbf6d0d.jpg,1
000ceb7c62a21547.jpg,1
000cf08de329f81b.jpg,1
000d61ba9ffa87db.jpg,1
000d9c77f5749561.jpg,1
000e80d9cf37daf3.jpg,1
0071e79693904a8f.jpg,2
007427672a3d5264.jpg,1
00bb60b91c5335b1.jpg,2
00bb967bc89e040f.jpg,1
00bfcd25320fd354.jpg,1
00bfeaa4a297dd65.jpg,1
00c4503acd511444.jpg,2
00cb40d7ea24aa3b.jpg,2
00cbc7f343eb90ec.jpg,1
00ce3c2f4657457f.jpg,1
00d0ed2f962c1a74.jpg,1
00d343d4a829121c.jpg,1
00d3fcbc86861f4a.jpg,2
00d8dd6d2ce6fc70.jpg,2
00da8827b3288d89.jpg,1
00db6b59d3880145.jpg,3
00db839f935b5829.jpg,1
00dbfb71d81618ea.jpg,1
00de93955694a159.jpg,1
00e5c93e53ada7cd.jpg,2
00e844f581963e31.jpg,2
00f6a80e7f1a229a.jpg,1
0118064eedc2b2c1.jpg,4
01b15d5fcabae5b0.jpg,1
01b8f3f2d2cf7613.jpg,1
023b447cac3b3557.jpg,1
02719a20199eaf3f.jpg,1
029123ba6d20f9b1.jpg,1
0410943ef1919f80.jpg,2
042534f23997f148.jpg,1
04d2b124f5bff6ce.jpg,1
060b6662cc9a1d5d.jpg,1
06553dad53cd2445.jpg,1
06844a396f74ecab.jpg,1
06bbc09333b6a542.jpg,1
082d92e88891536a.jpg,2
088f1b6d8222a73b.jpg,1
0934a6117d4ff7b3.jpg,1
0a4c6b68ca539d0e.jpg,1
0b60b0c918ad6879.jpg,1
0b84642b319af1f3.jpg,1
0bafa9469a8047f7.jpg,1
0bb4903984e44915.jpg,2
0bb80f98e936566d.jpg,1
0bbea2cd35fe261d.jpg,2
0bc37b99b3e65f06.jpg,2
0bc9d9520fed2dee.jpg,1
0bda614ac5f8d5bb.jpg,2
0bdde2f91df4c85a.jpg,1
0be48767aff43b0b.jpg,2
0be849b02c044301.jpg,2
0be9159e4b4bc747.jpg,2
0beb9cbe0c770abf.jpg,4
0bed30d0d60d70e5.jpg,1
0bf01ee25888cb45.jpg,1
0bf4138d0f052cf6.jpg,2
0bf588f9e87c71ff.jpg,2
0bf8a1dc0827950f.jpg,2
0bf98072f26753f8.jpg,2
0c00aa9759d5b636.jpg,4
0c04f73a2916eece.jpg,2
0c07aa933834dbc1.jpg,2
0c0a7b8b641aa601.jpg,2
0c0edea113b641c3.jpg,2
0c10599382349e7e.jpg,2
0c134d543aa58495.jpg,2
0c1783b09ee05447.jpg,2
0c190b039c66efee.jpg,1
0c1ede902091b79f.jpg,2
0c21d3029041dcca.jpg,1
0c2273e5f9ab0e67.jpg,1
0c2594d3710ac469.jpg,1
0c29cab1caddfc83.jpg,2
0c2d5a23371dd746.jpg,2
0c2d6412fa30dbaa.jpg,2
0c30772b7ea51745.jpg,3
0c3673f52f7fbe00.jpg,1
0c40051d1c73fa59.jpg,4
0c40c79955aed671.jpg,2
0c41800d0c91812f.jpg,1
0c49829dd1e2d32f.jpg,2
0c4acd50c4430066.jpg,4
0c4ba131f41e2176.jpg,1
0c4eb8de33034f6c.jpg,8
0c5f526599f52a41.jpg,2
0c60baa351dbaaf3.jpg,2
0c62ce6c7096f295.jpg,2
0c697169b1207217.jpg,1
0c6ca56a6104ee69.jpg,1
0c6d76c010c29ef5.jpg,1
0c6ebfa015012398.jpg,3
0c74e6f9fdd25d03.jpg,1
0c7af5598adff074.jpg,2
0c89be4d66633ce4.jpg,1
0c8ebd9431edd552.jpg,2
0c9c9892fcebeea9.jpg,2
0ca09360855f2b45.jpg,1
0ca1db52353feee8.jpg,2
0ca1e90f230f7fee.jpg,1
0ca5149ec7da08e1.jpg,1
0ca88a8d6927a8db.jpg,1
0ca97b08bb473346.jpg,1
0caf1d7eb9af4449.jpg,2
0cbe9775007a3f53.jpg,1
0cbefb4eef9e1f02.jpg,2
0cc0d4d0bf52e7fc.jpg,1
0cc1bbc28fe24df0.jpg,2
0cc35169dd5ac02f.jpg,1
0cc3d0c94666272e.jpg,1
0ccca12b5aaa0ebc.jpg,1
0cda59918e7dee1c.jpg,3
0cda6729b57a32e6.jpg,2
0ce502937920c74a.jpg,2
0ce5be35e1140b92.jpg,4
0ce830f1e03e9ec3.jpg,2
0ceb42b98417b88c.jpg,2
0cec029cb5070405.jpg,1
0cf216bef1ec8e21.jpg,1
0cf65d247223acb4.jpg,1
0d0179a3ee895b81.jpg,4
0d02acee5a7d169c.jpg,2
0d065e63cc8f31f6.jpg,1
0d120a5f5b1011d1.jpg,2
0d1b8d2541c99a0a.jpg,2
0d21891a9b98ee85.jpg,1
0d221032a69a8d24.jpg,1
0d238ce3cf35573d.jpg,1
0d289d83a71e8042.jpg,2
0d2dfc3c5325f672.jpg,1
0d34c6ef6030ef6c.jpg,1
0d35451340e0ca84.jpg,1
0d3dfbc4ebcd01be.jpg,1
0d48650c19108b75.jpg,1
0d57d247bfb1be21.jpg,1
0d5c075e91b9309e.jpg,1
0d5e7db77f1c27d8.jpg,2
0d5fc81161830bb0.jpg,2
0d5fe284d37c8c1c.jpg,1
0d61ee61e82202fe.jpg,2
0d6d7ccce3428409.jpg,4
0d95e4d82e5ff70a.jpg,2
0d9a27555510c6c2.jpg,2
0d9ded3ee3f70959.jpg,1
0da7328a8d12180f.jpg,1
0db9d88d9eb1992a.jpg,1
0dba02432495d47a.jpg,1
0dba02f50f63b974.jpg,1
0dbae2ad6cb64fbe.jpg,1
0dbb2f1e7703f5ed.jpg,2
0dbbd004c90cddf6.jpg,3
0dbe084a8367a1a2.jpg,1
0dc08fe92b930864.jpg,2
0dc660f9d10b8e64.jpg,2
0dd1c9c6a34eba7c.jpg,2
0ddf7e608a00bab6.jpg,1
0de53728ccfe3ef6.jpg,2
0dee4c4650d50ef0.jpg,1
0df12f74a8fcc05e.jpg,2
0df58ceea75be1cd.jpg,1
0df8cb86b756c8b6.jpg,2
0e04873f64e61c1d.jpg,3
0e04b7fb9fa3c60c.jpg,2
0e1c63e30964dc3b.jpg,1
0e2208875afa89ca.jpg,1
0e251034924e90e6.jpg,2
0e25d39652fdda48.jpg,1
0e271dcff55afea7.jpg,2
0e363618cb0f9bf8.jpg,1
0e36f05b301e8b6d.jpg,8
0e47126559819116.jpg,1
0e4d682bd3970dc1.jpg,2
0e5136e572fda862.jpg,1
0e527e05c80b2555.jpg,2
0e59af35fd02431a.jpg,3
0e5a7c9a1bba1740.jpg,1
0e65809d7dfb4af4.jpg,4
0e723b03f0e74675.jpg,2
0e759e74589524b3.jpg,2
0e8139635a72ecb8.jpg,2
0e82514df72dd3aa.jpg,2
0e872e10f2531364.jpg,1
0e87814cbe9dd3c6.jpg,1
0e8a4281ac3e1175.jpg,3
0e9191e310909562.jpg,1
0e95ed44c4d9d9a6.jpg,1
0e9cc189512f1913.jpg,3
0ea71c0967f66a86.jpg,2
0ea7c53ce3250e8b.jpg,2
0eae0b36fa39d844.jpg,1
0eb1595ccaca0013.jpg,1
0eb2c146387764c3.jpg,5
0eb31e09509587fc.jpg,1
0eb80289f63b0ea0.jpg,1
0eb8c615983f8fde.jpg,2
0eb96447e34f087d.jpg,2
0ec4f09ebbb22648.jpg,1
0ec5e8e7e7d80960.jpg,1
0ec87d84a014e1e7.jpg,2
0ecd790e25be8411.jpg,4
0ecffef63f024f60.jpg,1
0ed2e0651308a1e2.jpg,2
0f3e5d607d82e4e9.jpg,4
0fb91bd32b39649d.jpg,2
11739cf765a3f3d5.jpg,1
142745fd0af3aae6.jpg,1
17083d5cea0b2bde.jpg,1
1a0b468e0a8e9526.jpg,1
1bb158ab4884139f.jpg,2
1c2868141487ec3c.jpg,1
2100e86484efda14.jpg,1
2334af101eb10dce.jpg,1
236a3e3f89a05843.jpg,1
25c2f9a7fad20c4b.jpg,2
25d512338c0d8027.jpg,2
262dd05d50281235.jpg,3
264de7f0e59e9728.jpg,1
26d06e8c8e325e33.jpg,1
28e00ee6e869b29a.jpg,1
2924756d0c31e5b1.jpg,1
29f810a3baa576e9.jpg,1
2b301b7bbec2ac71.jpg,1
33af4d41ba6bf2d0.jpg,1
33afe4d6bf179557.jpg,1
363ca9571e4863dc.jpg,1
39e7a25a724c9e8d.jpg,1
3d37bb6b541a1479.jpg,1
3d94428eaf8808c2.jpg,1
41160be1337c198b.jpg,1
42c35b8fdfdd2d12.jpg,2
443866e9d68f90f3.jpg,1
44d007381712ad26.jpg,1
44f8a4a4849b3248.jpg,2
4a4ed2e67f034405.jpg,1
51e33ffbe112a894.jpg,1
51ecff8aaf1259ee.jpg,1
51fc0cf2342e5d27.jpg,1
52f7e4f43ef61dd5.jpg,2
53fe1fd9e2520c59.jpg,2
54f549c1ef45078c.jpg,2
55e95a2fb13f7017.jpg,2
56a4134de515693b.jpg,1
57cea5606fb7fdc4.jpg,1
57da1fb96266fe9d.jpg,2
57e67f96c54757d6.jpg,1
5ccf71d7e2a93e7d.jpg,1
5e3b17a53c5bc62f.jpg,1
60b0562e30e0c69a.jpg,1
60fcfa435c20a830.jpg,1
619a66a0a8e51846.jpg,2
61f154d20d8b9bf5.jpg,2
629678c55bd096a9.jpg,1
62f2c77938c834d4.jpg,1
65fd844bc8bc5666.jpg,2
66ab92a9c50cd36e.jpg,1
66fa65d19adaa351.jpg,1
68ad1ac2ca33c9d6.jpg,1
69b2a3bd238c5ff8.jpg,1
70b557082dfe6b98.jpg,2
7102abdbcecd48ee.jpg,2
71b2d221719fbef9.jpg,1
71c9176bb69d5202.jpg,1
7262c70b22d6c572.jpg,2
74ba74d74949e187.jpg,2
75e4e8ab47a77499.jpg,2
76a2724a2725d4e7.jpg,1
76daa79117fc7d19.jpg,1
7749d3d4904ce2c7.jpg,1
7771c64fca6089d2.jpg,1
798e136c7712ae9c.jpg,1
8079dbbcb7d981dc.jpg,2
815fd80ed7a29f21.jpg,2
81af0e84d9623957.jpg,1
83a84d6f5d196951.jpg,1
83d7b3506a2708ad.jpg,1
83dc488a5b3dc577.jpg,1
84cb35f6bd724733.jpg,1
850977bc144ea11e.jpg,2
853fe459e120ecbb.jpg,1
861d0eaaf5535b53.jpg,1
87be6fbef8644926.jpg,2
8981d04925449de2.jpg,1
8b7cf7cfddc0071b.jpg,2
8c0ce81d2f584ae7.jpg,1
8c403c2bca23f224.jpg,1
8f43dccd3e36f410.jpg,2
90e23144d905d72a.jpg,3
91abd3f94ecdf3bb.jpg,1
92a2fd9a41e602a5.jpg,3
92d37f69abfba9de.jpg,1
93b5e3ab86711a0b.jpg,1
96b0ea1e6c7a666f.jpg,1
975da8e742d8250d.jpg,1
97aaf76bd6fad8a9.jpg,1
97b611449d459dbd.jpg,1
994a97bc1ec49cf2.jpg,1
99ad5ee7015e4fbd.jpg,2
9a813326a1868a55.jpg,2
9e88730f29b1944b.jpg,1
DOR_S1_100.jpg,1
DOR_S1_101.jpg,1
DOR_S1_102.jpg,1
DOR_S1_103.jpg,1
DOR_S1_104.jpg,1
DOR_S1_105.jpg,1
DOR_S1_106.jpg,1
DOR_S1_107.jpg,1
DOR_S1_108.jpg,1
DOR_S1_109.jpg,1
DOR_S1_110.jpg,1
DOR_S1_111.jpg,1
DOR_S1_112.jpg,1
DOR_S1_113.jpg,1
DOR_S1_114.jpg,1
DOR_S1_115.jpg,1
DOR_S1_116.jpg,1
DOR_S1_117.jpg,1
DOR_S1_118.jpg,1
DOR_S1_119.jpg,1
DOR_S1_120.jpg,1
DOR_S1_121.jpg,1
DOR_S1_122.jpg,1
DOR_S1_123.jpg,1
DOR_S1_124.jpg,1
DOR_S1_125.jpg,1
DOR_S1_126.jpg,1
DOR_S3_18.JPG,1
DOR_S3_19.JPG,1
DOR_S3_20.JPG,1
DOR_S3_21.JPG,1
DOR_S3_22.JPG,1
DOR_S3_23.JPG,2
DOR_S3_24.JPG,1
DOR_S3_25.JPG,1
DOR_S3_26.JPG,1
DOR_S3_66.JPG,1
DOR_S3_67.JPG,1
DOR_S3_68.JPG,1
DOR_S3_69.JPG,1
DOR_S3_70.JPG,1
DOR_S3_71.JPG,1
DOR_S3_72.JPG,1
DOR_S3_73.JPG,1
DOR_S3_74.JPG,1
DOR_S3_75.JPG,1
DOR_S3_76.JPG,1
DOR_S3_77.JPG,1
DOR_S3_78.JPG,1
DOR_S3_79.JPG,1
DOR_S3_80.JPG,1
DOR_S3_81.JPG,1
DOR_S3_84.JPG,1
DOR_S3_85.JPG,1
a2eb27330f078f0b.jpg,1
a33f34f341215025.jpg,1
a4de19b855aea878.jpg,4
a6e252b43b8c71c8.jpg,1
a8042cce7f1cb422.jpg,1
ad71c03f761e1072.jpg,2
b2514d4b49358070.jpg,1
ba33845dd206c054.jpg,2
ba951e65a53acadf.jpg,1
be2541573a312b94.jpg,1
bf54629b50fa0623.jpg,1
c401b6f834724d34.jpg,1
c53fe42427abd793.jpg,1
c691b5ce2c260489.jpg,1
ce859e17702e6b6b.jpg,1
d4e1dc2f2326a8b0.jpg,1
d611a05b7a107509.jpg,3
e1e6f9a8212ccb8e.jpg,2
e461e568de435325.jpg,1
ecf61587947c4eb0.jpg,1
f291d677045b5a38.jpg,1
f2b31981e52820b1.jpg,3
f6ab97836c153c54.jpg,1
fbeb16e8a12ae749.jpg,3
images16.jpeg,1
